Filename,Damage Type,Prediction,Prediction Confidence,Correct Prediction
Corrosionstain/MS0176201710171342.jpg809943123131.png,Corrosionstain,Corrosionstain,0.7142214,True
Corrosionstain/MS0224201801241327.jpg647552195125.png,Corrosionstain,Spalling,0.43865612,False
Corrosionstain/MS0277201710251430.jpg1022371143141.png,Corrosionstain,Corrosionstain,0.84421474,True
Corrosionstain/VA0031201708231379.jpg5890197150.png,Corrosionstain,Corrosionstain,0.9950906,True
Corrosionstain/VA0049201710281294.jpg1875335046.png,Corrosionstain,Cracks,0.5057199,False
Corrosionstain/VA0049201710281374.jpg5111140133109.png,Corrosionstain,Cracks,0.48285344,False
Corrosionstain/VA0175201612041390.jpg1302318194191.png,Corrosionstain,Corrosionstain,0.5567247,True
Corrosionstain/VA0187201610121363.jpg1638414288.png,Corrosionstain,Cracks,0.58344537,False
Corrosionstain/VA0187201610121363.jpg185292483199.png,Corrosionstain,Cracks,0.48295036,False
Corrosionstain/VA0187201610121363.jpg99245234276.png,Corrosionstain,Corrosionstain,0.36267024,True
Corrosionstain/VA0188201610121357.jpg247478102248.png,Corrosionstain,Cracks,0.66476667,False
Corrosionstain/VA0188201610121357.jpg7884687288.png,Corrosionstain,Corrosionstain,0.7845255,True
Corrosionstain/VA0188201610121357.jpg81826318856.png,Corrosionstain,Corrosionstain,0.91202885,True
Corrosionstain/VA0188201610121357.jpg9354716182.png,Corrosionstain,Spalling,0.5232308,False
Corrosionstain/VA0234201710121457.jpg1019799202227.png,Corrosionstain,Corrosionstain,0.88507247,True
Corrosionstain/VA0235201710121353.jpg1383967195134.png,Corrosionstain,Corrosionstain,0.91273564,True
Corrosionstain/VA0235201710121353.jpg787744299176.png,Corrosionstain,Corrosionstain,0.9842302,True
Corrosionstain/VA0235201710121441.jpg349632227220.png,Corrosionstain,Corrosionstain,0.92371786,True
Corrosionstain/VA0235201710121441.jpg895481765286.png,Corrosionstain,Corrosionstain,0.63695693,True
Corrosionstain/VA0235201710121483.jpg6555170479.png,Corrosionstain,Corrosionstain,0.9189,True
Corrosionstain/VA0284201706271302.jpg2001951046341.png,Corrosionstain,Spalling,0.77303183,False
Corrosionstain/VA0284201706271302.jpg276301178129.png,Corrosionstain,Corrosionstain,0.79620385,True
Corrosionstain/VA0595201706021290.jpg15104010560.png,Corrosionstain,Corrosionstain,0.9821342,True
Corrosionstain/VA0595201706021290.jpg264750681243.png,Corrosionstain,Spalling,0.59186035,False
Corrosionstain/VA0595201706021290.jpg48410496685.png,Corrosionstain,Corrosionstain,0.91374385,True
Corrosionstain/VA0595201706021290.jpg6957949872.png,Corrosionstain,Corrosionstain,0.98899233,True
Corrosionstain/VA_2.0_0.4_0.5_1.0_0.4_84140339v0.jpeg750656316155.png,Corrosionstain,Cracks,0.54739064,False
Corrosionstain/VA_2.0_0.4_0.5_1.0_0.4_84140357v0.jpeg1388582199147.png,Corrosionstain,Corrosionstain,0.6950423,True
Corrosionstain/VA_2.0_0.4_1.0_1.0_0.8_84140352v0.jpeg10066588882.png,Corrosionstain,Corrosionstain,0.8980572,True
Corrosionstain/VA_2.0_0.4_1.0_1.0_0.8_84140352v0.jpeg110976713653.png,Corrosionstain,Corrosionstain,0.91787004,True
Corrosionstain/VA_2.0_0.4_1.0_1.0_0.8_84140352v0.jpeg77678813770.png,Corrosionstain,Corrosionstain,0.9631049,True
Corrosionstain/VA_2.0_0.6_0.5_1.0_0.6_84140329v0.jpeg175420213126.png,Corrosionstain,Corrosionstain,0.99456453,True
Corrosionstain/VA_3.0_0.4_0.5_1.0_0.18_3217995v0.jpeg4554734653.png,Corrosionstain,Corrosionstain,0.8940219,True
Corrosionstain/VA_3.0_0.4_0.5_1.0_0.42_3217688v0.jpeg195286109116.png,Corrosionstain,Corrosionstain,0.8888818,True
Corrosionstain/VA_3.0_0.4_0.5_1.0_0.42_3217706v0.jpeg6316749686.png,Corrosionstain,Corrosionstain,0.5540189,True
Corrosionstain/VA_3.0_0.4_0.5_1.0_0.42_3217706v0.jpeg688449113107.png,Corrosionstain,Cracks,0.69304836,False
Corrosionstain/VA_3.0_0.4_0.5_1.0_0.42_3217706v0.jpeg7707206970.png,Corrosionstain,Cracks,0.5317118,False
Corrosionstain/VA_3.0_0.4_0.5_1.0_0.42_3217706v0.jpeg8947449270.png,Corrosionstain,Cracks,0.8081042,False
Corrosionstain/VA_3.0_0.4_0.5_1.0_0.42_3217806v0.jpeg1032798183120.png,Corrosionstain,Corrosionstain,0.60328615,True
Corrosionstain/VA_3.0_0.4_0.5_1.0_0.42_3217921v0.jpeg1318840205284.png,Corrosionstain,Corrosionstain,0.9612644,True
Corrosionstain/VA_3.0_0.4_0.5_1.0_0.42_3217921v1.jpeg415774153194.png,Corrosionstain,Corrosionstain,0.7758764,True
Corrosionstain/VA_3.0_0.4_0.5_1.0_0.42_3217987v0.jpeg46125666214.png,Corrosionstain,Corrosionstain,0.6212589,True
Corrosionstain/VA_3.0_0.4_0.5_1.0_0.42_3217987v1.jpeg197220194368.png,Corrosionstain,Corrosionstain,0.84173954,True
Corrosionstain/VA_3.0_0.4_0.5_1.0_0.42_3217987v1.jpeg60824699324.png,Corrosionstain,Corrosionstain,0.8187219,True
Corrosionstain/VA_3.0_0.4_0.5_1.0_0.42_3217988v0.jpeg103353070177.png,Corrosionstain,Corrosionstain,0.66688585,True
Corrosionstain/VA_3.0_0.4_0.5_1.0_0.42_3217991v0.jpeg8934418884.png,Corrosionstain,Corrosionstain,0.93601036,True
Corrosionstain/VA_3.0_0.4_0.5_1.0_0.42_3217999v0.jpeg1148700174293.png,Corrosionstain,Spalling,0.6678381,False
Corrosionstain/VA_3.0_0.4_0.5_1.0_0.42_3217999v0.jpeg388408211203.png,Corrosionstain,Spalling,0.622295,False
Corrosionstain/VA_3.0_0.4_0.5_1.0_0.42_3217999v0.jpeg827563217333.png,Corrosionstain,Spalling,0.50208586,False
Corrosionstain/VA_3.0_0.4_0.5_1.0_0.42_3218015v0.jpeg483814263738.png,Corrosionstain,Corrosionstain,0.60840946,True
Corrosionstain/VA_3.0_0.4_0.5_1.0_0.6_21442482v1.jpeg587689732339.png,Corrosionstain,Spalling,0.6062166,False
Corrosionstain/VA_3.0_0.4_0.5_1.0_0.6_3217415v1.jpeg1122845154.png,Corrosionstain,Cracks,0.7150254,False
Corrosionstain/VA_3.0_0.4_0.5_1.0_0.6_3217668v0.jpeg17941290345220.png,Corrosionstain,Spalling,0.82418084,False
Corrosionstain/VA_3.0_0.4_0.5_1.0_0.6_3217674v0.jpeg1274638187174.png,Corrosionstain,Cracks,0.5121896,False
Corrosionstain/VA_3.0_0.4_0.5_1.0_0.6_3217674v0.jpeg47190389576.png,Corrosionstain,Cracks,0.5605101,False
Corrosionstain/VA_3.0_0.4_0.5_1.0_0.6_3217674v0.jpeg739852302138.png,Corrosionstain,Corrosionstain,0.5243754,True
Corrosionstain/VA_3.0_0.4_0.5_1.0_0.6_3217674v1.jpeg230445211100.png,Corrosionstain,Corrosionstain,0.9710386,True
Corrosionstain/VA_3.0_0.4_0.5_1.0_0.6_3217674v2.jpeg11349058353.png,Corrosionstain,Corrosionstain,0.99024147,True
Corrosionstain/VA_3.0_0.4_0.5_1.0_0.6_3217674v2.jpeg170206150.png,Corrosionstain,Corrosionstain,0.94953823,True
Corrosionstain/VA_3.0_0.4_0.5_1.0_0.6_3217674v2.jpeg3821138372.png,Corrosionstain,Corrosionstain,0.9971644,True
Corrosionstain/VA_3.0_0.4_0.5_1.0_0.6_3217674v3.jpeg1327687111102.png,Corrosionstain,Corrosionstain,0.9881821,True
Corrosionstain/VA_3.0_0.4_0.5_1.0_0.6_3217674v4.jpeg625127256404.png,Corrosionstain,Corrosionstain,0.9306383,True
Corrosionstain/VA_3.0_0.4_0.5_1.0_0.6_3217674v4.jpeg7401021180153.png,Corrosionstain,Corrosionstain,0.9943152,True
Corrosionstain/VA_3.0_0.4_0.5_1.0_0.6_3217674v4.jpeg9791214245115.png,Corrosionstain,Corrosionstain,0.9943131,True
Corrosionstain/VA_3.0_0.4_0.5_1.0_0.6_3217674v5.jpeg3391155233174.png,Corrosionstain,Corrosionstain,0.6792699,True
Corrosionstain/VA_3.0_0.4_0.5_1.0_0.6_3217700v0.jpeg83435172268.png,Corrosionstain,Corrosionstain,0.86476606,True
Corrosionstain/VA_3.0_0.4_0.5_1.0_0.6_3217720v0.jpeg12228779751.png,Corrosionstain,Corrosionstain,0.9330013,True
Corrosionstain/VA_3.0_0.4_0.5_1.0_0.6_3217720v0.jpeg135610645272.png,Corrosionstain,Corrosionstain,0.96082217,True
Corrosionstain/VA_3.0_0.4_0.5_1.0_0.6_3217745v0.jpeg62498271156.png,Corrosionstain,Corrosionstain,0.47769293,True
Corrosionstain/VA_3.0_0.4_0.5_1.0_0.6_3217754v0.jpeg13029179076.png,Corrosionstain,Corrosionstain,0.541076,True
Corrosionstain/VA_3.0_0.4_0.5_1.0_0.6_3217765v0.jpeg201641130118.png,Corrosionstain,Corrosionstain,0.9735091,True
Corrosionstain/VA_3.0_0.4_0.5_1.0_0.6_3217827v1.jpeg24043812782.png,Corrosionstain,Corrosionstain,0.48280114,True
Corrosionstain/VA_3.0_0.4_0.5_1.0_0.6_3217827v1.jpeg945581195174.png,Corrosionstain,Spalling,0.659516,False
Corrosionstain/VA_3.0_0.4_0.5_1.0_0.6_3217859v0.jpeg1792811575.png,Corrosionstain,Corrosionstain,0.9363239,True
Corrosionstain/VA_3.0_0.4_0.5_1.0_0.6_3217859v0.jpeg3983304332.png,Corrosionstain,Corrosionstain,0.994155,True
Corrosionstain/VA_3.0_0.4_0.5_1.0_0.6_3217892v1.jpeg1367148242368.png,Corrosionstain,Corrosionstain,0.82381934,True
Corrosionstain/VA_3.0_0.4_0.5_1.0_0.6_3217893v1.jpeg149614130175.png,Corrosionstain,Corrosionstain,0.99332595,True
Corrosionstain/VA_3.0_0.4_0.5_1.0_0.6_3217893v1.jpeg276599493.png,Corrosionstain,Corrosionstain,0.99697304,True
Corrosionstain/VA_3.0_0.4_0.5_1.0_0.6_3217914v1.jpeg137110159055.png,Corrosionstain,Corrosionstain,0.7069073,True
Corrosionstain/VA_3.0_0.4_0.5_1.0_0.6_3217920v0.jpeg7097359991.png,Corrosionstain,Corrosionstain,0.97260743,True
Corrosionstain/VA_3.0_0.4_0.5_1.0_0.6_3217920v1.jpeg949700233368.png,Corrosionstain,Corrosionstain,0.4893701,True
Corrosionstain/VA_3.0_0.4_0.5_1.0_0.6_3217922v0.jpeg4862284951544.png,Corrosionstain,Corrosionstain,0.52142435,True
Corrosionstain/VA_3.0_0.4_0.5_1.0_0.6_3217922v0.jpeg539896189340.png,Corrosionstain,Corrosionstain,0.98803467,True
Corrosionstain/VA_3.0_0.4_0.5_1.0_0.6_3217926v0.jpeg3041292199.png,Corrosionstain,Corrosionstain,0.98557997,True
Corrosionstain/VA_3.0_0.4_0.5_1.0_0.6_3217932v0.jpeg4657719199.png,Corrosionstain,Corrosionstain,0.9297299,True
Corrosionstain/VA_3.0_0.4_0.5_1.0_0.6_3217932v0.jpeg630105877105.png,Corrosionstain,Corrosionstain,0.7395518,True
Corrosionstain/VA_3.0_0.4_0.5_1.0_0.6_3217934v0.jpeg993769449175.png,Corrosionstain,Corrosionstain,0.8884562,True
Corrosionstain/VA_3.0_0.4_0.5_1.0_0.6_3217935v0.jpeg704198543711.png,Corrosionstain,Corrosionstain,0.9609385,True
Corrosionstain/VA_3.0_0.4_0.5_1.0_0.6_3217935v1.jpeg1169443219262.png,Corrosionstain,Corrosionstain,0.9356627,True
Corrosionstain/VA_3.0_0.4_0.5_1.0_0.6_3217936v1.jpeg100415412272.png,Corrosionstain,Corrosionstain,0.66477084,True
Corrosionstain/VA_3.0_0.4_0.5_1.0_0.6_3217936v1.jpeg11321107490.png,Corrosionstain,Cracks,0.58955336,False
Corrosionstain/VA_3.0_0.4_0.5_1.0_0.6_3217937v0.jpeg10561599675.png,Corrosionstain,Corrosionstain,0.9815886,True
Corrosionstain/VA_3.0_0.4_0.5_1.0_0.6_3217938v0.jpeg247480349476.png,Corrosionstain,Corrosionstain,0.91882235,True
Corrosionstain/VA_3.0_0.4_0.5_1.0_0.6_3217938v1.jpeg125229212358.png,Corrosionstain,Corrosionstain,0.9938139,True
Corrosionstain/VA_3.0_0.4_0.5_1.0_0.6_3217939v0.jpeg523112169298.png,Corrosionstain,Corrosionstain,0.98467875,True
Corrosionstain/VA_3.0_0.4_0.5_1.0_0.6_3217939v1.jpeg130429513361.png,Corrosionstain,Corrosionstain,0.9228093,True
Corrosionstain/VA_3.0_0.4_0.5_1.0_0.6_3217940v0.jpeg767301102154.png,Corrosionstain,Corrosionstain,0.8343849,True
Corrosionstain/VA_3.0_0.4_0.5_1.0_0.6_3217940v1.jpeg12403375590.png,Corrosionstain,Corrosionstain,0.89727706,True
Corrosionstain/VA_3.0_0.4_0.5_1.0_0.6_3217940v1.jpeg126416912061.png,Corrosionstain,Corrosionstain,0.813037,True
Corrosionstain/VA_3.0_0.4_0.5_1.0_0.6_3217940v1.jpeg755539530198.png,Corrosionstain,Corrosionstain,0.748588,True
Corrosionstain/VA_3.0_0.4_0.5_1.0_0.6_3217940v2.jpeg101343506711.png,Corrosionstain,Cracks,0.39328483,False
Corrosionstain/VA_3.0_0.4_0.5_1.0_0.6_3217946v1.jpeg48651517790.png,Corrosionstain,Spalling,0.7485706,False
Corrosionstain/VA_3.0_0.4_0.5_1.0_0.6_3218012v0.jpeg9686426550.png,Corrosionstain,Cracks,0.7723175,False
Corrosionstain/VA_3.0_0.4_0.8_1.0_0.67_3217740v1.jpeg153059779169.png,Corrosionstain,Cracks,0.86284673,False
Corrosionstain/VA_3.0_0.4_0.8_1.0_0.67_3217740v1.jpeg969512157139.png,Corrosionstain,Corrosionstain,0.48728114,True
Corrosionstain/VA_3.0_0.6_0.5_1.0_0.63_3217943v0.jpeg632617283275.png,Corrosionstain,Spalling,0.5385918,False
Corrosionstain/VA_3.0_0.6_0.5_1.0_0.63_3217943v1.jpeg1142329304117.png,Corrosionstain,Corrosionstain,0.936884,True
Corrosionstain/VA_3.0_0.6_0.5_1.0_0.63_3217943v1.jpeg1544192160144.png,Corrosionstain,Corrosionstain,0.908736,True
Corrosionstain/VA_3.0_0.6_0.5_1.0_0.9_3217411v0.jpeg506179136121.png,Corrosionstain,Corrosionstain,0.9538072,True
Corrosionstain/VA_3.0_0.6_0.5_1.0_0.9_3217504v1.jpeg20271693374325.png,Corrosionstain,Corrosionstain,0.9548564,True
Corrosionstain/VA_3.0_0.6_0.5_1.0_0.9_3217544v0.jpeg228155124106.png,Corrosionstain,Corrosionstain,0.47138515,True
Corrosionstain/VA_3.0_0.6_0.5_1.0_0.9_3217558v0.jpeg1027311748.png,Corrosionstain,Spalling,0.5277212,False
Corrosionstain/VA_3.0_0.6_0.5_1.0_0.9_3217558v0.jpeg579480106115.png,Corrosionstain,Corrosionstain,0.45451096,True
Corrosionstain/VA_3.0_0.6_0.5_1.0_0.9_3217558v0.jpeg7172389666.png,Corrosionstain,Cracks,0.44046748,False
Corrosionstain/VA_3.0_0.6_0.5_1.0_0.9_3217564v0.jpeg1461120311918.png,Corrosionstain,Spalling,0.7074672,False
Corrosionstain/VA_3.0_0.6_0.5_1.0_0.9_3217564v0.jpeg1602995109151.png,Corrosionstain,Corrosionstain,0.96056485,True
Corrosionstain/VA_3.0_0.6_0.5_1.0_0.9_3217564v0.jpeg715839230255.png,Corrosionstain,Corrosionstain,0.70282286,True
Corrosionstain/VA_3.0_0.6_0.5_1.0_0.9_3217575v0.jpeg2529159291.png,Corrosionstain,Cracks,0.9859244,False
Corrosionstain/VA_3.0_0.6_0.5_1.0_0.9_3217576v0.jpeg160997140194.png,Corrosionstain,Corrosionstain,0.99463576,True
Corrosionstain/VA_3.0_0.6_0.5_1.0_0.9_3217576v0.jpeg3545469164.png,Corrosionstain,Corrosionstain,0.99950397,True
Corrosionstain/VA_3.0_0.6_0.5_1.0_0.9_3217576v0.jpeg362356225131.png,Corrosionstain,Corrosionstain,0.9738472,True
Corrosionstain/VA_3.0_0.6_0.5_1.0_0.9_3217576v0.jpeg656444158123.png,Corrosionstain,Corrosionstain,0.94030714,True
Corrosionstain/VA_3.0_0.6_0.5_1.0_0.9_3217581v0.jpeg205341316301.png,Corrosionstain,Spalling,0.5071591,False
Corrosionstain/VA_3.0_0.6_0.5_1.0_0.9_3217588v0.jpeg264498117251.png,Corrosionstain,Corrosionstain,0.90269965,True
Corrosionstain/VA_3.0_0.6_0.5_1.0_0.9_3217589v0.jpeg764245913187.png,Corrosionstain,Cracks,0.45281798,False
Corrosionstain/VA_3.0_0.6_0.5_1.0_0.9_3217607v0.jpeg3771112799.png,Corrosionstain,Corrosionstain,0.7101115,True
Corrosionstain/VA_3.0_0.6_0.5_1.0_0.9_3217608v0.jpeg60433386100.png,Corrosionstain,Corrosionstain,0.46646193,True
Corrosionstain/VA_3.0_0.6_0.5_1.0_0.9_3217608v0.jpeg7862986363.png,Corrosionstain,Corrosionstain,0.6294353,True
Corrosionstain/VA_3.0_0.6_0.5_1.0_0.9_3217652v0.jpeg662104684100.png,Corrosionstain,Cracks,0.87090105,False
Corrosionstain/VA_3.0_0.6_0.5_1.0_0.9_3217654v0.jpeg1376107311593.png,Corrosionstain,Corrosionstain,0.67066437,True
Corrosionstain/VA_3.0_0.6_0.5_1.0_0.9_3217671v0.jpeg5601024327305.png,Corrosionstain,Spalling,0.6320322,False
Corrosionstain/VA_3.0_0.6_0.5_1.0_0.9_3217671v1.jpeg113113171427.png,Corrosionstain,Cracks,0.47079635,False
Corrosionstain/VA_3.0_0.6_0.5_1.0_0.9_3217679v0.jpeg687878896232.png,Corrosionstain,Cracks,0.54241574,False
Corrosionstain/VA_3.0_0.6_0.5_1.0_0.9_3217686v0.jpeg503815143208.png,Corrosionstain,Cracks,0.5331804,False
Corrosionstain/VA_3.0_0.6_0.5_1.0_0.9_3217686v1.jpeg1161191218161.png,Corrosionstain,Corrosionstain,0.9782099,True
Corrosionstain/VA_3.0_0.6_0.5_1.0_0.9_3217686v1.jpeg97525249169.png,Corrosionstain,Corrosionstain,0.89591885,True
Corrosionstain/VA_3.0_0.6_0.5_1.0_0.9_3217687v0.jpeg3586919998.png,Corrosionstain,Corrosionstain,0.67922586,True
Corrosionstain/VA_3.0_0.6_0.5_1.0_0.9_3217697v0.jpeg128759699124.png,Corrosionstain,Corrosionstain,0.9972717,True
Corrosionstain/VA_3.0_0.6_0.5_1.0_0.9_3217697v0.jpeg61711720055.png,Corrosionstain,Corrosionstain,0.71567655,True
Corrosionstain/VA_3.0_0.6_0.5_1.0_0.9_3217697v0.jpeg85391260164.png,Corrosionstain,Corrosionstain,0.93211025,True
Corrosionstain/VA_3.0_0.6_0.5_1.0_0.9_3217710v0.jpeg1353019669.png,Corrosionstain,Corrosionstain,0.9742468,True
Corrosionstain/VA_3.0_0.6_0.5_1.0_0.9_3217710v0.jpeg39169106122.png,Corrosionstain,Corrosionstain,0.9497338,True
Corrosionstain/VA_3.0_0.6_0.5_1.0_0.9_3217710v0.jpeg5524114077.png,Corrosionstain,Corrosionstain,0.98213553,True
Corrosionstain/VA_3.0_0.6_0.5_1.0_0.9_3217710v0.jpeg7734218949.png,Corrosionstain,Corrosionstain,0.98322576,True
Corrosionstain/VA_3.0_0.6_0.5_1.0_0.9_3217710v0.jpeg82713812283.png,Corrosionstain,Corrosionstain,0.9627849,True
Corrosionstain/VA_3.0_0.6_0.5_1.0_0.9_3217714v0.jpeg416449587123.png,Corrosionstain,Corrosionstain,0.7361753,True
Corrosionstain/VA_3.0_0.6_0.5_1.0_0.9_3217743v0.jpeg96260257139.png,Corrosionstain,Corrosionstain,0.93544793,True
Corrosionstain/VA_3.0_0.6_0.5_1.0_0.9_3217758v0.jpeg1101542201229.png,Corrosionstain,Corrosionstain,0.57069546,True
Corrosionstain/VA_3.0_0.6_0.5_1.0_0.9_3217819v1.jpeg330741233302.png,Corrosionstain,Corrosionstain,0.8522555,True
Corrosionstain/VA_3.0_0.6_0.5_1.0_0.9_3217865v0.jpeg237643198168.png,Corrosionstain,Corrosionstain,0.8543785,True
Corrosionstain/VA_3.0_0.6_0.5_1.0_0.9_3217865v1.jpeg28657814094.png,Corrosionstain,Corrosionstain,0.9283293,True
Corrosionstain/VA_3.0_0.6_0.5_1.0_0.9_3217870v0.jpeg271534169325.png,Corrosionstain,Spalling,0.5480899,False
Corrosionstain/VA_3.0_0.6_0.5_1.0_0.9_3217875v0.jpeg375474154132.png,Corrosionstain,Corrosionstain,0.79675394,True
Corrosionstain/VA_3.0_0.6_0.5_1.0_0.9_3217878v0.jpeg1584479192120.png,Corrosionstain,Spalling,0.47460762,False
Corrosionstain/VA_3.0_0.6_0.5_1.0_0.9_3217878v0.jpeg51822023394.png,Corrosionstain,Corrosionstain,0.93001705,True
Corrosionstain/VA_3.0_0.6_0.5_1.0_0.9_3217901v2.jpeg764325319195.png,Corrosionstain,Corrosionstain,0.8026255,True
Corrosionstain/VA_3.0_0.6_0.5_1.0_0.9_3217902v0.jpeg744685165210.png,Corrosionstain,Corrosionstain,0.624806,True
Corrosionstain/VA_3.0_0.6_0.5_1.0_0.9_3217909v0.jpeg5931571184546.png,Corrosionstain,Spalling,0.6625293,False
Corrosionstain/VA_3.0_0.6_0.5_1.0_0.9_3217913v1.jpeg6932171148.png,Corrosionstain,Corrosionstain,0.9552528,True
Corrosionstain/VA_3.0_0.6_0.5_1.0_0.9_3217930v0.jpeg1023616181312.png,Corrosionstain,Corrosionstain,0.6761672,True
Corrosionstain/VA_3.0_0.6_0.5_1.0_0.9_3217930v0.jpeg1024233153197.png,Corrosionstain,Corrosionstain,0.9880881,True
Corrosionstain/VA_3.0_0.6_0.5_1.0_0.9_3217948v0.jpeg15174248202.png,Corrosionstain,Corrosionstain,0.9585372,True
Corrosionstain/VA_3.0_0.6_0.5_1.0_0.9_3217956v0.jpeg1068262444842.png,Corrosionstain,Corrosionstain,0.44814923,True
Corrosionstain/VA_3.0_0.6_0.5_1.0_0.9_3218005v1.jpeg438549443669.png,Corrosionstain,Cracks,0.42309046,False
Corrosionstain/VA_3.0_0.6_0.5_1.0_0.9_3218005v3.jpeg144278390109.png,Corrosionstain,Cracks,0.9915781,False
Corrosionstain/VA_3.0_0.6_0.5_1.0_0.9_3218005v3.jpeg581714133373.png,Corrosionstain,Corrosionstain,0.5271099,True
Corrosionstain/VA_3.0_0.6_0.5_3.0_2.7_21442443v1.jpeg66637395356.png,Corrosionstain,Corrosionstain,0.9496418,True
Corrosionstain/VA_3.0_0.6_0.8_1.0_1.01_3217712v0.jpeg85256530298.png,Corrosionstain,Corrosionstain,0.7695726,True
Corrosionstain/VA_3.0_0.6_0.8_1.0_1.01_3217844v0.jpeg873204456168.png,Corrosionstain,Cracks,0.8856293,False
Corrosionstain/VA_3.0_0.6_0.8_1.0_1.01_3217845v1.jpeg824985184105.png,Corrosionstain,Cracks,0.5522279,False
Corrosionstain/VA_3.0_0.6_0.8_1.0_1.44_3217647v2.jpeg635101390208.png,Corrosionstain,Corrosionstain,0.8976973,True
Corrosionstain/VA_3.0_0.6_0.8_1.0_1.44_3217678v0.jpeg631218235215.png,Corrosionstain,Corrosionstain,0.48566625,True
Corrosionstain/VA_3.0_0.6_0.8_1.0_1.44_3217742v0.jpeg320877238.png,Corrosionstain,Corrosionstain,0.9487725,True
Corrosionstain/VA_3.0_0.6_0.8_1.0_1.44_3217756v2.jpeg1600605142150.png,Corrosionstain,Corrosionstain,0.770896,True
Corrosionstain/VA_3.0_0.6_0.8_1.0_1.44_3217846v0.jpeg274374467313.png,Corrosionstain,Corrosionstain,0.48983017,True
Corrosionstain/VA_3.0_0.6_0.8_1.0_1.44_3217848v3.jpeg97048187124.png,Corrosionstain,Corrosionstain,0.62095803,True
Corrosionstain/VA_3.0_0.6_0.8_1.0_1.44_3217965v0.jpeg372127652479.png,Corrosionstain,Spalling,0.7442533,False
Corrosionstain/VA_3.0_0.8_0.5_1.0_0.84_3217944v0.jpeg1359144199199.png,Corrosionstain,Corrosionstain,0.48358044,True
Corrosionstain/VA_3.0_0.8_0.5_1.0_1.2_3217640v0.jpeg9131181142208.png,Corrosionstain,Cracks,0.70446247,False
Corrosionstain/VA_3.0_0.8_0.5_1.0_1.2_3217858v0.jpeg47560718366.png,Corrosionstain,Corrosionstain,0.86729014,True
Corrosionstain/VA_3.0_0.8_0.5_1.0_1.2_3217858v0.jpeg56612181150.png,Corrosionstain,Cracks,0.72148085,False
Corrosionstain/VA_3.0_1.0_0.5_1.0_1.05_3217594v0.jpeg1141178244283.png,Corrosionstain,Corrosionstain,0.7717908,True
Corrosionstain/VA_3.0_1.0_0.5_1.0_1.05_3217594v0.jpeg939962234238.png,Corrosionstain,Corrosionstain,0.6161541,True
Corrosionstain/VA_3.0_1.0_0.8_1.0_1.68_3217709v0.jpeg4433223451.png,Corrosionstain,Corrosionstain,0.9639723,True
Corrosionstain/VA_3.0_1.0_0.8_1.0_1.68_3217709v0.jpeg625373960.png,Corrosionstain,Corrosionstain,0.97849715,True
Corrosionstain/VA_3.0_1.0_0.8_10.0_24.0_3217540v3.jpeg12980164208.png,Corrosionstain,Spalling,0.69307053,False
Corrosionstain/VA_3.0_1.0_0.8_3.0_7.2_3217461v1.jpeg549304173144.png,Corrosionstain,Corrosionstain,0.9568443,True
Corrosionstain/VA_3.0_1.0_0.8_3.0_7.2_3217463v0.jpeg11807259114.png,Corrosionstain,Corrosionstain,0.9950859,True
Corrosionstain/VA_3.0_1.0_0.8_3.0_7.2_3217463v0.jpeg38311926481.png,Corrosionstain,Corrosionstain,0.65567666,True
Corrosionstain/VA_3.0_1.0_1.0_1.0_2.1_3217464v0.jpeg346355756110.png,Corrosionstain,Spalling,0.81373334,False
Corrosionstain/VA_3.0_1.0_1.0_1.0_3.0_3217721v2.jpeg2894546166.png,Corrosionstain,Corrosionstain,0.5822483,True
Corrosionstain/VA_3.0_1.0_1.0_1.0_3.0_3217721v3.jpeg263386125136.png,Corrosionstain,Corrosionstain,0.7219938,True
Corrosionstain/VA_3.0_1.0_1.0_1.0_3.0_3217721v6.jpeg5864516372.png,Corrosionstain,Spalling,0.47196656,False
Cracks/KA0047201607061029.jpg56782987944.png,Cracks,Cracks,0.94164705,True
Cracks/KA0058201606281277.jpg2696421731371.png,Cracks,Cracks,0.89651144,True
Cracks/MS0060201710253225.jpg79272181343.png,Cracks,Cracks,0.8723733,True
Cracks/MS0069201710181250.jpg558255261001.png,Cracks,Cracks,0.99684864,True
Cracks/MS0172201709302825.jpg74435227823.png,Cracks,Cracks,0.8095615,True
Cracks/MS0179201710181329.jpg2501156247565.png,Cracks,Cracks,0.83309835,True
Cracks/MS0181201710252903.jpg936131205952.png,Cracks,Cracks,0.96468586,True
Cracks/MS0185201801241435.jpg629402266513.png,Cracks,Cracks,0.7731891,True
Cracks/MS0185201801242477.jpg779174551183.png,Cracks,Cracks,0.69176936,True
Cracks/MS0192201710182539.jpg759173431183.png,Cracks,Cracks,0.75079036,True
Cracks/MS0200201710252943.jpg5092262781226.png,Cracks,Cracks,0.9314974,True
Cracks/MS0208201710281373.jpg580758755230.png,Cracks,Cracks,0.55026823,True
Cracks/MS0211201710302823.jpg769311197659.png,Cracks,Cracks,0.8911879,True
Cracks/MS022320171102909.jpg802789350404.png,Cracks,Spalling,0.6374069,False
Cracks/MS0226201711031340.jpg182041342269.png,Cracks,Cracks,0.6527803,True
Cracks/MS0226201711031391.jpg12634452981.png,Cracks,Spalling,0.77317536,False
Cracks/MS0226201711031391.jpg87939338105.png,Cracks,Cracks,0.50960606,True
Cracks/MS0227201710261361.jpg1389493394135.png,Cracks,Spalling,0.8289308,False
Cracks/MS0227201710261463.jpg1072317671266.png,Cracks,Cracks,0.9852095,True
Cracks/MS0227201710261463.jpg556569266150.png,Cracks,Cracks,0.94976604,True
Cracks/MS0227201710261463.jpg685425274925.png,Cracks,Cracks,0.98946756,True
Cracks/MS0227201710263215.jpg7853051681045.png,Cracks,Cracks,0.9487855,True
Cracks/MS0227201710263231.jpg675172901333.png,Cracks,Cracks,0.96138644,True
Cracks/MS0228201710261311.jpg529769314343.png,Cracks,Cracks,0.92034817,True
Cracks/MS0229201710263229.jpg853397140575.png,Cracks,Cracks,0.8869128,True
Cracks/MS0230201710263238.jpg7041213911229.png,Cracks,Cracks,0.9263367,True
Cracks/MS0263201710173213.jpg405245248915.png,Cracks,Cracks,0.9995913,True
Cracks/MS0267201710162701.jpg637331114341.png,Cracks,Cracks,0.8623154,True
Cracks/MS0279201710252634.jpg0639961170.png,Cracks,Cracks,0.9999362,True
Cracks/MS0279201710252634.jpg1056692744237.png,Cracks,Cracks,0.99999046,True
Cracks/MS0279201710252752.jpg8111442231056.png,Cracks,Cracks,0.74488837,True
Cracks/MS0326201709301479.jpg1239143528476.png,Cracks,Cracks,0.9934187,True
Cracks/MS0363201711021380.jpg310203867324.png,Cracks,Cracks,0.5974621,True
Cracks/MS0381201710261270.jpg1143287640611.png,Cracks,Cracks,0.9886981,True
Cracks/MS0381201710262647.jpg6800240791.png,Cracks,Cracks,0.40731704,True
Cracks/MS0386201710181481.jpg83494856794.png,Cracks,Cracks,0.9556143,True
Cracks/MS0405201710253146.jpg1135436155328.png,Cracks,Corrosionstain,0.7360108,False
Cracks/VA0010201711212849.jpg917231991252.png,Cracks,Cracks,0.99446636,True
Cracks/VA0010201711213019.jpg9260161799.png,Cracks,Cracks,0.9558314,True
Cracks/VA0016201703152642.jpg874109658101.png,Cracks,Corrosionstain,0.64991343,False
Cracks/VA0031201708231379.jpg615221293687.png,Cracks,Cracks,0.813414,True
Cracks/VA0032201712172511.jpg1390281594.png,Cracks,Cracks,0.99975425,True
Cracks/VA0032201712172511.jpg85202431175.png,Cracks,Cracks,0.997813,True
Cracks/VA0032201712173082.jpg1205796290404.png,Cracks,Cracks,0.9896326,True
Cracks/VA0032201712173126.jpg958270265930.png,Cracks,Cracks,0.95711005,True
Cracks/VA0038201708011309.jpg628675385124.png,Cracks,Cracks,0.8124662,True
Cracks/VA0038201708011309.jpg668208293869.png,Cracks,Cracks,0.89491,True
Cracks/VA0040201710283003.jpg382203136741.png,Cracks,Cracks,0.83973444,True
Cracks/VA0040201710283167.jpg132825795469.png,Cracks,Cracks,0.8425643,True
Cracks/VA0046201710311367.jpg931344128237.png,Cracks,Cracks,0.6975978,True
Cracks/VA0050201710121215.jpg6764751082218.png,Cracks,Spalling,0.61798966,False
Cracks/VA0050201710121306.jpg2815141506201.png,Cracks,Cracks,0.5473597,True
Cracks/VA0129201610232360.jpg77794781169.png,Cracks,Cracks,0.9865775,True
Cracks/VA0142201612171126.jpg90752430616.png,Cracks,Spalling,0.51888454,False
Cracks/VA0147201610112648.jpg1067485304757.png,Cracks,Corrosionstain,0.444866,False
Cracks/VA0147201610112951.jpg75437256742.png,Cracks,Corrosionstain,0.45771176,False
Cracks/VA0150201609152584.jpg7501902291138.png,Cracks,Cracks,0.97093755,True
Cracks/VA0157201610112365.jpg2223301219376.png,Cracks,Cracks,0.6334079,True
Cracks/VA0167201612032552.jpg740560335168.png,Cracks,Cracks,0.6003275,True
Cracks/VA0167201612032846.jpg343641101222.png,Cracks,Cracks,0.83224773,True
Cracks/VA0170201612062700.jpg096814166.png,Cracks,Cracks,0.97963345,True
Cracks/VA0170201612063018.jpg88332881178.png,Cracks,Cracks,0.9961987,True
Cracks/VA0171201612062611.jpg868112131038.png,Cracks,Cracks,0.9754017,True
Cracks/VA0171201612063207.jpg86252541176.png,Cracks,Cracks,0.99610883,True
Cracks/VA0172201610121394.jpg437521299667.png,Cracks,Cracks,0.95059925,True
Cracks/VA0172201610121439.jpg143372698333.png,Cracks,Cracks,0.9597146,True
Cracks/VA0174201612041328.jpg63815231267.png,Cracks,Cracks,0.78171057,True
Cracks/VA0175201612041116.jpg546421406369.png,Cracks,Spalling,0.69153124,False
Cracks/VA0175201612041305.jpg651613999137.png,Cracks,Cracks,0.6589855,True
Cracks/VA0181201612062699.jpg1505381235132.png,Cracks,Cracks,0.66013783,True
Cracks/VA0181201612063160.jpg8570207767.png,Cracks,Cracks,0.74800056,True
Cracks/VA0187201610121363.jpg98559899165.png,Cracks,Cracks,0.9829217,True
Cracks/VA0187201610121487.jpg7889451012174.png,Cracks,Cracks,0.91926706,True
Cracks/VA0209201604062915.jpg90725870131.png,Cracks,Cracks,0.64820665,True
Cracks/VA021820171203901.jpg63826418599.png,Cracks,Cracks,0.9976071,True
Cracks/VA0219201712033000.jpg88345871341.png,Cracks,Cracks,0.96920997,True
Cracks/VA0222201712032804.jpg7451601941190.png,Cracks,Cracks,0.42955053,True
Cracks/VA0222201712032977.jpg6620283652.png,Cracks,Cracks,0.69850296,True
Cracks/VA0224201712033173.jpg73647346786.png,Cracks,Cracks,0.8046949,True
Cracks/VA0233201710123095.jpg110527123488.png,Cracks,Cracks,0.9310896,True
Cracks/VA023320171012928.jpg425651341682.png,Cracks,Cracks,0.9678646,True
Cracks/VA0234201710121368.jpg6781090478224.png,Cracks,Cracks,0.6129259,True
Cracks/VA0235201710121330.jpg83061722977.png,Cracks,Cracks,0.91023576,True
Cracks/VA0236201711163110.jpg1198223182844.png,Cracks,Cracks,0.8391468,True
Cracks/VA0239201711212852.jpg612619644.png,Cracks,Cracks,0.6424268,True
Cracks/VA0239201711213101.jpg253894313200.png,Cracks,Cracks,0.95416063,True
Cracks/VA0239201711213101.jpg632125531188.png,Cracks,Cracks,0.9776949,True
Cracks/VA0244201711212484.jpg830151901185.png,Cracks,Cracks,0.80907345,True
Cracks/VA0284201706271352.jpg67888207859.png,Cracks,Cracks,0.95639986,True
Cracks/VA0285201706163073.jpg859101451017.png,Cracks,Cracks,0.93150866,True
Cracks/VA0287201707123004.jpg742168393931.png,Cracks,Cracks,0.9763594,True
Cracks/VA0287201707123065.jpg542577119201.png,Cracks,Cracks,0.8663189,True
Cracks/VA0315201706082257.jpg242394209383.png,Cracks,Cracks,0.94450116,True
Cracks/VA0318201706202626.jpg03201792238.png,Cracks,Cracks,0.89916444,True
Cracks/VA0318201706202626.jpg6340163573.png,Cracks,Corrosionstain,0.44002146,False
Cracks/VA0318201706203092.jpg634225324393.png,Cracks,Cracks,0.78396946,True
Cracks/VA0319201706202573.jpg6920254835.png,Cracks,Spalling,0.55751306,False
Cracks/VA0322201711222590.jpg151613217495.png,Cracks,Cracks,0.77232707,True
Cracks/VA0327201706232686.jpg7940125581.png,Cracks,Cracks,0.7788954,True
Cracks/VA032720170623920.jpg663265161171.png,Cracks,Cracks,0.98802525,True
Cracks/VA0370201611172565.jpg7960152783.png,Cracks,Cracks,0.9937396,True
Cracks/VA0371201611172956.jpg82225137439.png,Cracks,Cracks,0.7549271,True
Cracks/VA0383201611301252.jpg1043187474465.png,Cracks,Cracks,0.96451414,True
Cracks/VA0383201611302233.jpg736290498233.png,Cracks,Cracks,0.9700714,True
Cracks/VA0383201611302297.jpg166391583178.png,Cracks,Cracks,0.7427575,True
Cracks/VA0383201611302325.jpg387761683216.png,Cracks,Cracks,0.61552745,True
Cracks/VA0383201611302363.jpg94671762222.png,Cracks,Cracks,0.96985584,True
Cracks/VA0383201611302409.jpg1106705665172.png,Cracks,Cracks,0.9609317,True
Cracks/VA0383201611302428.jpg828696943338.png,Cracks,Cracks,0.9198377,True
Cracks/VA038320161130977.jpg627224579688.png,Cracks,Cracks,0.9880614,True
Cracks/VA0384201611302232.jpg03061415508.png,Cracks,Cracks,0.8727667,True
Cracks/VA0384201611302245.jpg04741590182.png,Cracks,Cracks,0.9503011,True
Cracks/VA0384201611302583.jpg546126531773.png,Cracks,Cracks,0.9261035,True
Cracks/VA0384201611302797.jpg0786574564.png,Cracks,Cracks,0.7668141,True
Cracks/VA0385201609132730.jpg5780441678.png,Cracks,Cracks,0.7312348,True
Cracks/VA0391201609093175.jpg757321262689.png,Cracks,Cracks,0.9920854,True
Cracks/VA0498201609142493.jpg4445523790.png,Cracks,Cracks,0.865177,True
Cracks/VA0499201609142946.jpg703241235736.png,Cracks,Cracks,0.98778695,True
Cracks/VA0545201710082672.jpg74449395445.png,Cracks,Cracks,0.5875747,True
Cracks/VA0545201710082800.jpg8010296691.png,Cracks,Cracks,0.9846919,True
Cracks/VA0552201711232883.jpg721184551174.png,Cracks,Cracks,0.8324224,True
Cracks/VA0554201711232720.jpg53925222328.png,Cracks,Cracks,0.8112596,True
Cracks/VA0555201710073105.jpg522214121158.png,Cracks,Cracks,0.88412726,True
Cracks/VA0574201609022586.jpg700141240674.png,Cracks,Cracks,0.9999833,True
Cracks/VA0575201609022913.jpg7020214386.png,Cracks,Cracks,0.99961674,True
Cracks/VA057720161130888.jpg75112287481.png,Cracks,Spalling,0.42525712,False
Cracks/VA0578201605182925.jpg4774974171120.png,Cracks,Cracks,0.9755917,True
Cracks/VA0583201605192715.jpg10160771495.png,Cracks,Cracks,0.9863511,True
Cracks/VA0589201611302427.jpg1095176533413.png,Cracks,Cracks,0.8605126,True
Cracks/VA0589201611302427.jpg513766385319.png,Cracks,Cracks,0.88018847,True
Cracks/VA0595201706021290.jpg399447786212.png,Cracks,Spalling,0.56255275,False
Cracks/VA0609201604112536.jpg503642761303.png,Cracks,Cracks,0.82060266,True
Cracks/VA0619201707182522.jpg8361592301191.png,Cracks,Cracks,0.9426306,True
Cracks/VA0811201611172664.jpg5440385723.png,Cracks,Cracks,0.934655,True
Cracks/VA1049201706232793.jpg781178223886.png,Cracks,Cracks,0.97359097,True
Cracks/VA1050201706232618.jpg167726415364.png,Cracks,Cracks,0.73552305,True
Cracks/VA1050201706232618.jpg540576427.png,Cracks,Cracks,0.7725396,True
Cracks/VA1050201706232928.jpg755649309276.png,Cracks,Cracks,0.7438725,True
Cracks/VA1052201706233023.jpg43759600436.png,Cracks,Cracks,0.5181554,True
Cracks/VA1052201706233023.jpg658305406456.png,Cracks,Cracks,0.90387976,True
Cracks/VA1054201706272660.jpg791279191793.png,Cracks,Cracks,0.83900636,True
Cracks/VA1056201709292299.jpg67462150409.png,Cracks,Cracks,0.3514741,True
Cracks/VA105620170929939.jpg2601141272858.png,Cracks,Cracks,0.9762715,True
Cracks/VA1057201710062268.jpg660711169532.png,Cracks,Cracks,0.74661624,True
Cracks/VA1057201710062357.jpg508587810261.png,Cracks,Cracks,0.96470904,True
Cracks/VA1058201710062772.jpg852121133514.png,Cracks,Cracks,0.92947936,True
Cracks/VA1058201710063048.jpg07221756180.png,Cracks,Cracks,0.98254484,True
Cracks/VA1060201707202532.jpg7070158852.png,Cracks,Cracks,0.86381096,True
Cracks/VA1060201707203150.jpg0822495237.png,Cracks,Corrosionstain,0.54691035,False
Cracks/VA1061201707202684.jpg737173761183.png,Cracks,Cracks,0.8203576,True
Cracks/VA1064201705042234.jpg253161264684.png,Cracks,Cracks,0.9725099,True
Cracks/VA1064201705042367.jpg1005471449209.png,Cracks,Cracks,0.93990445,True
Cracks/VA1064201705042367.jpg379580399235.png,Cracks,Cracks,0.96732146,True
Cracks/VA1066201705082344.jpg0435676214.png,Cracks,Cracks,0.83998436,True
Cracks/VA1066201705082344.jpg1247801399233.png,Cracks,Cracks,0.8812183,True
Cracks/VA1068201705102740.jpg634640587271.png,Cracks,Cracks,0.9128831,True
Cracks/VA1076201606212871.jpg217607831857.png,Cracks,Corrosionstain,0.5717101,False
Cracks/VA1083201612102912.jpg581902361898.png,Cracks,Cracks,0.8737396,True
Cracks/VA1083201612103118.jpg1218581099194.png,Cracks,Corrosionstain,0.75480896,False
Cracks/VA1084201612101203.jpg701604159380.png,Cracks,Corrosionstain,0.63428336,False
Cracks/VA1085201612121148.jpg624126695851.png,Cracks,Cracks,0.9796107,True
Cracks/VA1086201612121258.jpg774257444649.png,Cracks,Cracks,0.9948866,True
Cracks/VA1088201610062549.jpg69203071260.png,Cracks,Cracks,0.99814653,True
Cracks/VA1088201610062629.jpg8697284691.png,Cracks,Cracks,0.9511062,True
Cracks/VA1088201610062702.jpg7630199684.png,Cracks,Cracks,0.99514514,True
Cracks/VA1088201610062718.jpg8700141543.png,Cracks,Cracks,0.9380778,True
Cracks/VA1088201610062980.jpg7530233465.png,Cracks,Cracks,0.93379486,True
Cracks/VA1088201610062997.jpg6680362774.png,Cracks,Cracks,0.67917037,True
Cracks/VA1088201610063021.jpg5900426864.png,Cracks,Cracks,0.99045277,True
Cracks/VA1088201610063143.jpg433273261098.png,Cracks,Cracks,0.99883586,True
Cracks/VA1088201610063183.jpg69982501279.png,Cracks,Cracks,0.9702636,True
Cracks/VA1089201610072530.jpg989438272762.png,Cracks,Cracks,0.99999845,True
Cracks/VA1089201610072633.jpg580520141374.png,Cracks,Cracks,0.69987994,True
Cracks/VA1089201610073145.jpg1256121121182.png,Cracks,Cracks,0.9986362,True
Cracks/VA108920161007886.jpg383678632160.png,Cracks,Cracks,0.9782497,True
Cracks/VA1090201610072507.jpg6990518757.png,Cracks,Cracks,0.9994449,True
Cracks/VA1090201610072518.jpg8190287761.png,Cracks,Cracks,0.9971601,True
Cracks/VA1090201610072641.jpg79022114734.png,Cracks,Cracks,0.6510817,True
Cracks/VA1090201610072667.jpg8520285581.png,Cracks,Cracks,0.8303776,True
Cracks/VA1090201610072693.jpg65510392586.png,Cracks,Cracks,0.982898,True
Cracks/VA1090201610072734.jpg1084199236723.png,Cracks,Cracks,0.83345234,True
Cracks/VA1090201610072751.jpg717258290605.png,Cracks,Cracks,0.52431244,True
Cracks/VA1090201610072785.jpg4170357567.png,Cracks,Cracks,0.9778456,True
Cracks/VA1090201610072795.jpg6170399652.png,Cracks,Cracks,0.9994758,True
Cracks/VA1090201610072819.jpg4630509666.png,Cracks,Cracks,0.99944776,True
Cracks/VA1090201610072909.jpg722272651297.png,Cracks,Cracks,0.9999882,True
Cracks/VA1090201610072930.jpg7850199856.png,Cracks,Cracks,0.55492425,True
Cracks/VA1090201610073012.jpg7900207768.png,Cracks,Cracks,0.99974793,True
Cracks/VA1090201610073033.jpg7000419773.png,Cracks,Cracks,0.9761095,True
Cracks/VA1090201610073069.jpg60919243966.png,Cracks,Spalling,0.49841383,False
Cracks/VA1091201612141045.jpg1125353228421.png,Cracks,Cracks,0.83867973,True
Cracks/VA1093201612132545.jpg933382180537.png,Cracks,Cracks,0.9880189,True
Cracks/VA1096201612142420.jpg563552946301.png,Cracks,Cracks,0.8632406,True
Cracks/VA1100201701041236.jpg522953195211.png,Cracks,Cracks,0.59483826,True
Cracks/VA1101201701042636.jpg947291211060.png,Cracks,Cracks,0.94380814,True
Cracks/VA1104201609083158.jpg4230225473.png,Cracks,Cracks,0.8260596,True
Cracks/VA1105201609082543.jpg8400301618.png,Cracks,Cracks,0.8566164,True
Cracks/VA1107201609082786.jpg833291891152.png,Cracks,Cracks,0.87411445,True
Cracks/VA1138201711093002.jpg1005442369152.png,Cracks,Cracks,0.7206467,True
Cracks/VA1203201706232264.jpg1024359490259.png,Cracks,Cracks,0.94453853,True
Cracks/VA1203201706232342.jpg826606454193.png,Cracks,Cracks,0.8788449,True
Cracks/VA1203201706232419.jpg117701592287.png,Cracks,Cracks,0.9635331,True
Cracks/VA1203201706233137.jpg834226321580.png,Cracks,Cracks,0.95210934,True
Cracks/VA1281201612102880.jpg59353871345.png,Cracks,Cracks,0.80201674,True
Cracks/VA1293201708251241.jpg740490261528.png,Cracks,Cracks,0.9469507,True
Cracks/VA129420170825890.jpg441780260389.png,Cracks,Cracks,0.48055002,True
Cracks/VA9999201706232381.jpg98081791369.png,Cracks,Cracks,0.9693406,True
Cracks/VA9999201706232411.jpg4724941319480.png,Cracks,Cracks,0.9672806,True
Cracks/VA9999201706232417.jpg0445924330.png,Cracks,Cracks,0.9606423,True
Cracks/VA9999201706232417.jpg857627929361.png,Cracks,Cracks,0.9598426,True
Cracks/VA9999201706232424.jpg0406565157.png,Cracks,Cracks,0.9344677,True
Cracks/VA_2.0_0.4_0.5_1.0_0.4_21830328v0.jpeg4111107274686.png,Cracks,Cracks,0.62864393,True
Cracks/VA_2.0_0.4_0.5_1.0_0.4_21830381v0.jpeg960791553370.png,Cracks,Cracks,0.58425474,True
Cracks/VA_2.0_0.4_0.5_1.0_0.4_84140333v0.jpeg466655393171.png,Cracks,Cracks,0.5885591,True
Cracks/VA_2.0_0.4_0.5_1.0_0.4_84140337v0.jpeg572202161314.png,Cracks,Cracks,0.88758606,True
Cracks/VA_2.0_0.4_0.5_1.0_0.4_84140337v0.jpeg92931159402.png,Cracks,Cracks,0.8044764,True
Cracks/VA_2.0_0.4_0.5_1.0_0.4_84140347v0.jpeg855268119514.png,Cracks,Cracks,0.9952172,True
Cracks/VA_2.0_0.4_0.5_1.0_0.4_84140349v1.jpeg43822958201.png,Cracks,Cracks,0.9299126,True
Cracks/VA_2.0_0.4_0.5_1.0_0.4_84140368v1.jpeg1255711666452.png,Cracks,Cracks,0.89514613,True
Cracks/VA_2.0_0.4_0.5_1.0_0.4_84140378v0.jpeg719200165811.png,Cracks,Cracks,0.967218,True
Cracks/VA_2.0_0.4_0.5_1.0_0.4_84140387v0.jpeg158449159515.png,Cracks,Cracks,0.91646665,True
Cracks/VA_2.0_0.4_0.5_1.0_0.4_84140388v0.jpeg563458126181.png,Cracks,Cracks,0.97586536,True
Cracks/VA_2.0_0.4_0.8_1.0_0.64_21830378v0.jpeg725214604613.png,Cracks,Cracks,0.88824254,True
Cracks/VA_2.0_0.4_0.8_1.0_0.64_84140360v2.jpeg688810946143.png,Cracks,Cracks,0.94935006,True
Cracks/VA_2.0_0.4_0.8_1.0_0.64_84140367v1.jpeg893515110346.png,Cracks,Cracks,0.5667978,True
Cracks/VA_2.0_0.6_0.5_1.0_0.42_21830301v0.jpeg486302105174.png,Cracks,Cracks,0.984091,True
Cracks/VA_2.0_0.6_0.5_1.0_0.6_84140331v0.jpeg0299902185.png,Cracks,Cracks,0.7007861,True
Cracks/VA_2.0_0.6_0.5_1.0_0.6_84140353v0.jpeg64123586211.png,Cracks,Cracks,0.6898306,True
Cracks/VA_2.0_0.6_0.5_1.0_0.6_84140365v0.jpeg787403266524.png,Cracks,Cracks,0.7145405,True
Cracks/VA_2.0_0.6_0.5_1.0_0.6_84140372v2.jpeg04621777460.png,Cracks,Cracks,0.97719824,True
Cracks/VA_2.0_0.6_0.5_1.0_0.6_84140380v2.jpeg77514077423.png,Cracks,Cracks,0.7993028,True
Cracks/VA_2.0_0.6_0.5_1.0_0.6_84140383v0.jpeg71538169491.png,Cracks,Cracks,0.55293137,True
Cracks/VA_2.0_0.6_0.8_1.0_0.96_21830317v0.jpeg589735482585.png,Cracks,Spalling,0.49737126,False
Cracks/VA_2.0_0.6_0.8_1.0_0.96_21830326v3.jpeg788464219886.png,Cracks,Cracks,0.8312584,True
Cracks/VA_2.0_0.8_0.5_1.0_0.24_21830350v0.jpeg146436712187.png,Cracks,Spalling,0.53720343,False
Cracks/VA_2.0_0.8_0.5_1.0_0.56_21830325v0.jpeg139996176354.png,Cracks,Cracks,0.8734504,True
Cracks/VA_2.0_0.8_0.5_1.0_0.56_21830346v0.jpeg332153206191.png,Cracks,Cracks,0.9933931,True
Cracks/VA_2.0_0.8_0.5_1.0_0.8_21830327v0.jpeg64576423892.png,Cracks,Cracks,0.79805654,True
Cracks/VA_2.0_0.8_0.5_1.0_0.8_21830342v0.jpeg4335207417.png,Cracks,Cracks,0.9423782,True
Cracks/VA_2.0_0.8_0.5_1.0_0.8_84140358v1.jpeg501134100223.png,Cracks,Cracks,0.51598406,True
Cracks/VA_2.0_0.8_0.8_1.0_0.9_21830322v0.jpeg81748091492.png,Cracks,Cracks,0.7647255,True
Cracks/VA_2.0_1.0_0.5_1.0_0.3_21830374v0.jpeg491836344469.png,Cracks,Cracks,0.8627897,True
Cracks/VA_2.0_1.0_0.5_1.0_0.3_21830375v0.jpeg562666261301.png,Cracks,Cracks,0.84052354,True
Cracks/VA_2.0_1.0_0.5_1.0_0.7_21830283v1.jpeg4232889898.png,Cracks,Spalling,0.4865054,False
Cracks/VA_2.0_1.0_0.5_1.0_0.7_21830284v1.jpeg776158312726.png,Cracks,Cracks,0.78359604,True
Cracks/VA_2.0_1.0_0.5_1.0_1.0_21830294v1.jpeg19701937291456.png,Cracks,Spalling,0.7749584,False
Cracks/VA_2.0_1.0_0.5_1.0_1.0_21830294v4.jpeg13149513206935.png,Cracks,Cracks,0.89995784,True
Cracks/VA_2.0_1.0_0.5_1.0_1.0_21830298v1.jpeg15403751468532.png,Cracks,Cracks,0.9175803,True
Cracks/VA_2.0_1.0_0.5_3.0_2.1_21830329v0.jpeg746223561178.png,Cracks,Cracks,0.961921,True
Cracks/VA_2.0_1.0_0.8_5.0_8.0_21830297v0.jpeg27281297407716.png,Cracks,Spalling,0.45205912,False
Cracks/VA_2.0_1.0_0.8_5.0_8.0_21830297v2.jpeg22457719492072.png,Cracks,Cracks,0.9304066,True
Cracks/VA_3.0_0.4_0.5_1.0_0.6_21442446v0.jpeg104281441350.png,Cracks,Spalling,0.4908052,False
Cracks/VA_3.0_0.4_0.5_1.0_0.6_21442459v0.jpeg2915251490333.png,Cracks,Cracks,0.9932695,True
Cracks/VA_3.0_0.4_0.5_1.0_0.6_3217807v0.jpeg1268961192389.png,Cracks,Spalling,0.47505754,False
Cracks/VA_3.0_0.4_0.5_1.0_0.6_3217933v1.jpeg566243271305.png,Cracks,Spalling,0.6120389,False
Cracks/VA_3.0_0.4_0.5_1.0_0.6_3217938v0.jpeg243382210442.png,Cracks,Corrosionstain,0.8509239,False
Cracks/VA_3.0_0.4_0.5_1.0_0.6_3217940v2.jpeg2331626328.png,Cracks,Spalling,0.57005054,False
Cracks/VA_3.0_0.4_0.8_1.0_0.96_21442456v1.jpeg7213651079458.png,Cracks,Cracks,0.9748344,True
Cracks/VA_3.0_0.4_0.8_1.0_0.96_3217437v0.jpeg149232872169.png,Cracks,Cracks,0.8771756,True
Cracks/VA_3.0_0.6_0.5_1.0_0.9_3217623v0.jpeg1287323248464.png,Cracks,Spalling,0.6013716,False
Cracks/VA_3.0_0.6_0.5_1.0_0.9_3217623v0.jpeg774410124280.png,Cracks,Cracks,0.5100445,True
Cracks/VA_3.0_0.6_0.5_1.0_0.9_3217695v1.jpeg8077248246.png,Cracks,Cracks,0.9244404,True
Cracks/VA_3.0_0.6_0.5_1.0_0.9_3217707v2.jpeg75165171375.png,Cracks,Cracks,0.8290811,True
Cracks/VA_3.0_0.6_0.8_1.0_1.44_21442468v1.jpeg466484786145.png,Cracks,Cracks,0.94391274,True
Cracks/VA_3.0_0.6_0.8_1.0_1.44_3217646v0.jpeg1279599509271.png,Cracks,Cracks,0.51584536,True
Cracks/VA_3.0_0.6_0.8_1.0_1.44_3217854v1.jpeg240980362100.png,Cracks,Cracks,0.9214326,True
Cracks/VA_3.0_1.0_1.0_1.0_3.0_3217721v6.jpeg239426185.png,Cracks,Cracks,0.88131523,True
Spalling/MS0170201710181376.jpg540565203353.png,Spalling,Spalling,0.9613849,True
Spalling/MS0177201710181291.jpg961910359140.png,Spalling,Spalling,0.6028423,True
Spalling/MS0218201710161336.jpg1028479238.png,Spalling,Spalling,0.66154915,True
Spalling/MS0222201710171497.jpg621112269354.png,Spalling,Cracks,0.5660951,False
Spalling/MS0227201710261361.jpg1246341439.png,Spalling,Cracks,0.5996077,False
Spalling/MS0227201710261361.jpg619221866354.png,Spalling,Spalling,0.9236661,True
Spalling/MS0386201710181481.jpg111187902118.png,Spalling,Cracks,0.709244,False
Spalling/VA0037201709061493.jpg880524320255.png,Spalling,Corrosionstain,0.53651845,False
Spalling/VA0152201609151399.jpg1289197178296.png,Spalling,Spalling,0.688451,True
Spalling/VA0187201610121487.jpg752555725303.png,Spalling,Spalling,0.9403457,True
Spalling/VA0235201710121353.jpg1152602397183.png,Spalling,Spalling,0.6393361,True
Spalling/VA_3.0_0.4_0.5_1.0_0.42_3217474v1.jpeg1017286154230.png,Spalling,Spalling,0.65310425,True
Spalling/VA_3.0_0.4_0.5_1.0_0.42_3217642v0.jpeg31540111184.png,Spalling,Spalling,0.56179124,True
Spalling/VA_3.0_0.4_0.5_1.0_0.42_3217642v0.jpeg555607305305.png,Spalling,Cracks,0.6134629,False
Spalling/VA_3.0_0.4_0.5_1.0_0.42_3217998v0.jpeg511298570236.png,Spalling,Spalling,0.68658435,True
Spalling/VA_3.0_0.4_0.5_1.0_0.6_3217436v0.jpeg47155292100.png,Spalling,Spalling,0.8848907,True
Spalling/VA_3.0_0.4_0.5_1.0_0.6_3217436v0.jpeg91268572332.png,Spalling,Cracks,0.63553566,False
Spalling/VA_3.0_0.4_0.5_1.0_0.6_3217467v1.jpeg124457128213.png,Spalling,Corrosionstain,0.6295986,False
Spalling/VA_3.0_0.4_0.5_1.0_0.6_3217489v0.jpeg32513301713823.png,Spalling,Spalling,0.57077163,True
Spalling/VA_3.0_0.4_0.5_1.0_0.6_3217494v0.jpeg112060120781329.png,Spalling,Spalling,0.528146,True
Spalling/VA_3.0_0.4_0.5_1.0_0.6_3217494v2.jpeg65663722841253.png,Spalling,Spalling,0.98543257,True
Spalling/VA_3.0_0.4_0.5_1.0_0.6_3217496v0.jpeg4981298271018.png,Spalling,Spalling,0.8512333,True
Spalling/VA_3.0_0.4_0.5_1.0_0.6_3217496v1.jpeg590389420490.png,Spalling,Spalling,0.6428629,True
Spalling/VA_3.0_0.4_0.5_1.0_0.6_3217501v2.jpeg539773890647.png,Spalling,Spalling,0.6724701,True
Spalling/VA_3.0_0.4_0.5_1.0_0.6_3217502v0.jpeg23491472640658.png,Spalling,Spalling,0.5811252,True
Spalling/VA_3.0_0.4_0.5_1.0_0.6_3217502v1.jpeg25812048651718.png,Spalling,Spalling,0.7984967,True
Spalling/VA_3.0_0.4_0.5_1.0_0.6_3217511v0.jpeg117893794574.png,Spalling,Spalling,0.79040533,True
Spalling/VA_3.0_0.4_0.5_1.0_0.6_3217526v1.jpeg54725022291633.png,Spalling,Spalling,0.78653866,True
Spalling/VA_3.0_0.4_0.5_1.0_0.6_3217627v0.jpeg307345293750.png,Spalling,Cracks,0.7446643,False
Spalling/VA_3.0_0.4_0.5_1.0_0.6_3217637v0.jpeg498591249188.png,Spalling,Cracks,0.51828206,False
Spalling/VA_3.0_0.4_0.5_1.0_0.6_3217660v0.jpeg2867361323376.png,Spalling,Spalling,0.52874213,True
Spalling/VA_3.0_0.4_0.5_1.0_0.6_3217662v0.jpeg80051367793.png,Spalling,Spalling,0.7276483,True
Spalling/VA_3.0_0.4_0.5_1.0_0.6_3217674v1.jpeg1142342358215.png,Spalling,Spalling,0.49698117,True
Spalling/VA_3.0_0.4_0.5_1.0_0.6_3217674v1.jpeg1312600290246.png,Spalling,Corrosionstain,0.64774096,False
Spalling/VA_3.0_0.4_0.5_1.0_0.6_3217745v0.jpeg605353310536.png,Spalling,Spalling,0.89788043,True
Spalling/VA_3.0_0.4_0.5_1.0_0.6_3217749v0.jpeg3245011009223.png,Spalling,Spalling,0.88616395,True
Spalling/VA_3.0_0.4_0.5_1.0_0.6_3217759v0.jpeg726777706242.png,Spalling,Spalling,0.85753167,True
Spalling/VA_3.0_0.4_0.5_1.0_0.6_3217763v1.jpeg343410747256.png,Spalling,Spalling,0.7407553,True
Spalling/VA_3.0_0.4_0.5_1.0_0.6_3217780v0.jpeg418385298343.png,Spalling,Spalling,0.86557585,True
Spalling/VA_3.0_0.4_0.5_1.0_0.6_3217807v0.jpeg145122772295.png,Spalling,Corrosionstain,0.9480212,False
Spalling/VA_3.0_0.4_0.5_1.0_0.6_3217807v0.jpeg973602430325.png,Spalling,Spalling,0.5419497,True
Spalling/VA_3.0_0.4_0.5_1.0_0.6_3217868v2.jpeg197759663337.png,Spalling,Cracks,0.55028284,False
Spalling/VA_3.0_0.4_0.5_1.0_0.6_3217868v2.jpeg318253772379.png,Spalling,Spalling,0.5580796,True
Spalling/VA_3.0_0.4_0.5_1.0_0.6_3217868v2.jpeg810808885248.png,Spalling,Cracks,0.69354194,False
Spalling/VA_3.0_0.4_0.5_1.0_0.6_3217874v0.jpeg1178174328239.png,Spalling,Corrosionstain,0.8821862,False
Spalling/VA_3.0_0.4_0.5_1.0_0.6_3217874v0.jpeg1340477299364.png,Spalling,Spalling,0.7709092,True
Spalling/VA_3.0_0.4_0.5_1.0_0.6_3217886v0.jpeg503376180259.png,Spalling,Spalling,0.6668964,True
Spalling/VA_3.0_0.4_0.5_1.0_0.6_3217887v3.jpeg31982305268.png,Spalling,Cracks,0.6952775,False
Spalling/VA_3.0_0.4_0.5_1.0_0.6_3217890v0.jpeg355551235753.png,Spalling,Cracks,0.51430345,False
Spalling/VA_3.0_0.4_0.5_1.0_0.6_3217893v2.jpeg577635979274.png,Spalling,Spalling,0.8508809,True
Spalling/VA_3.0_0.4_0.5_1.0_0.6_3217893v6.jpeg447380452557.png,Spalling,Cracks,0.60733074,False
Spalling/VA_3.0_0.4_0.5_1.0_0.6_3217893v6.jpeg714256674765.png,Spalling,Spalling,0.9304655,True
Spalling/VA_3.0_0.4_0.5_1.0_0.6_3217895v0.jpeg1307783120115.png,Spalling,Cracks,0.97917134,False
Spalling/VA_3.0_0.4_0.5_1.0_0.6_3217914v1.jpeg167213700371.png,Spalling,Spalling,0.828349,True
Spalling/VA_3.0_0.4_0.5_1.0_0.6_3217914v1.jpeg3966031078165.png,Spalling,Spalling,0.79802865,True
Spalling/VA_3.0_0.4_0.5_1.0_0.6_3217914v1.jpeg735988554165.png,Spalling,Cracks,0.9388779,False
Spalling/VA_3.0_0.4_0.5_1.0_0.6_3217914v1.jpeg87831542289.png,Spalling,Spalling,0.68889177,True
Spalling/VA_3.0_0.4_0.5_1.0_0.6_3217918v0.jpeg1563731045386.png,Spalling,Spalling,0.87983924,True
Spalling/VA_3.0_0.4_0.5_1.0_0.6_3217926v0.jpeg3442551192682.png,Spalling,Spalling,0.9411469,True
Spalling/VA_3.0_0.4_0.5_1.0_0.6_3218009v0.jpeg658430376546.png,Spalling,Spalling,0.9067866,True
Spalling/VA_3.0_0.4_0.5_1.0_0.6_3218009v1.jpeg506847139304.png,Spalling,Cracks,0.9970988,False
Spalling/VA_3.0_0.4_0.5_3.0_1.8_3217518v1.jpeg26171552388361.png,Spalling,Cracks,0.452507,False
Spalling/VA_3.0_0.4_0.8_1.0_0.67_3217740v0.jpeg798311130790.png,Spalling,Spalling,0.8215946,True
Spalling/VA_3.0_0.4_0.8_1.0_0.67_3217969v1.jpeg394391136281.png,Spalling,Corrosionstain,0.460422,False
Spalling/VA_3.0_0.4_0.8_1.0_0.96_3217612v0.jpeg332233327278.png,Spalling,Spalling,0.62926334,True
Spalling/VA_3.0_0.4_1.0_1.0_1.2_3217727v0.jpeg363171764612.png,Spalling,Spalling,0.9579555,True
Spalling/VA_3.0_0.6_0.5_1.0_0.63_3217413v1.jpeg562440213152.png,Spalling,Cracks,0.56176376,False
Spalling/VA_3.0_0.6_0.5_1.0_0.63_3217470v0.jpeg5058352283.png,Spalling,Cracks,0.57938075,False
Spalling/VA_3.0_0.6_0.5_1.0_0.63_3217481v0.jpeg646601580158.png,Spalling,Spalling,0.68711543,True
Spalling/VA_3.0_0.6_0.5_1.0_0.63_3217481v1.jpeg696106362754.png,Spalling,Spalling,0.49076977,True
Spalling/VA_3.0_0.6_0.5_1.0_0.63_3217486v2.jpeg618284236319.png,Spalling,Corrosionstain,0.48210618,False
Spalling/VA_3.0_0.6_0.5_1.0_0.63_3217527v1.jpeg122318710181301.png,Spalling,Spalling,0.7505475,True
Spalling/VA_3.0_0.6_0.5_1.0_0.63_3217527v1.jpeg19561317566501.png,Spalling,Spalling,0.4755492,True
Spalling/VA_3.0_0.6_0.5_1.0_0.63_3217907v0.jpeg1159521226513.png,Spalling,Spalling,0.5779181,True
Spalling/VA_3.0_0.6_0.5_1.0_0.9_3217414v0.jpeg784726888.png,Spalling,Spalling,0.87245876,True
Spalling/VA_3.0_0.6_0.5_1.0_0.9_3217418v1.jpeg6118710371229.png,Spalling,Spalling,0.82762825,True
Spalling/VA_3.0_0.6_0.5_1.0_0.9_3217432v1.jpeg189151356143.png,Spalling,Cracks,0.9592939,False
Spalling/VA_3.0_0.6_0.5_1.0_0.9_3217491v0.jpeg506510274567.png,Spalling,Spalling,0.6349273,True
Spalling/VA_3.0_0.6_0.5_1.0_0.9_3217491v0.jpeg793682295393.png,Spalling,Spalling,0.6797555,True
Spalling/VA_3.0_0.6_0.5_1.0_0.9_3217498v2.jpeg3472521328912.png,Spalling,Spalling,0.80961627,True
Spalling/VA_3.0_0.6_0.5_1.0_0.9_3217504v2.jpeg22856946812080.png,Spalling,Cracks,0.5681406,False
Spalling/VA_3.0_0.6_0.5_1.0_0.9_3217509v1.jpeg86967667562.png,Spalling,Spalling,0.85645187,True
Spalling/VA_3.0_0.6_0.5_1.0_0.9_3217544v0.jpeg248319449188.png,Spalling,Spalling,0.7565419,True
Spalling/VA_3.0_0.6_0.5_1.0_0.9_3217544v0.jpeg3182626394.png,Spalling,Spalling,0.58598596,True
Spalling/VA_3.0_0.6_0.5_1.0_0.9_3217546v0.jpeg55117510204.png,Spalling,Spalling,0.54969007,True
Spalling/VA_3.0_0.6_0.5_1.0_0.9_3217553v0.jpeg11819558415.png,Spalling,Cracks,0.53406084,False
Spalling/VA_3.0_0.6_0.5_1.0_0.9_3217563v1.jpeg207351803342.png,Spalling,Spalling,0.50398934,True
Spalling/VA_3.0_0.6_0.5_1.0_0.9_3217583v0.jpeg869505596343.png,Spalling,Cracks,0.6069534,False
Spalling/VA_3.0_0.6_0.5_1.0_0.9_3217589v1.jpeg921401474729.png,Spalling,Spalling,0.84443766,True
Spalling/VA_3.0_0.6_0.5_1.0_0.9_3217601v1.jpeg390930729.png,Spalling,Spalling,0.5778506,True
Spalling/VA_3.0_0.6_0.5_1.0_0.9_3217603v0.jpeg360324199140.png,Spalling,Spalling,0.55037767,True
Spalling/VA_3.0_0.6_0.5_1.0_0.9_3217606v1.jpeg509145363295.png,Spalling,Spalling,0.98164475,True
Spalling/VA_3.0_0.6_0.5_1.0_0.9_3217606v1.jpeg78164809351.png,Spalling,Spalling,0.9925073,True
Spalling/VA_3.0_0.6_0.5_1.0_0.9_3217622v0.jpeg790688688364.png,Spalling,Spalling,0.6745692,True
Spalling/VA_3.0_0.6_0.5_1.0_0.9_3217624v0.jpeg880418193199.png,Spalling,Spalling,0.7383787,True
Spalling/VA_3.0_0.6_0.5_1.0_0.9_3217624v1.jpeg1144483180147.png,Spalling,Spalling,0.5981488,True
Spalling/VA_3.0_0.6_0.5_1.0_0.9_3217652v0.jpeg4765331004382.png,Spalling,Cracks,0.5034017,False
Spalling/VA_3.0_0.6_0.5_1.0_0.9_3217657v0.jpeg14029511271265.png,Spalling,Cracks,0.6827775,False
Spalling/VA_3.0_0.6_0.5_1.0_0.9_3217663v0.jpeg221345583643.png,Spalling,Spalling,0.7079667,True
Spalling/VA_3.0_0.6_0.5_1.0_0.9_3217686v0.jpeg606497339168.png,Spalling,Corrosionstain,0.6063786,False
Spalling/VA_3.0_0.6_0.5_1.0_0.9_3217690v0.jpeg2021344761114.png,Spalling,Spalling,0.73749304,True
Spalling/VA_3.0_0.6_0.5_1.0_0.9_3217690v0.jpeg631656341182.png,Spalling,Spalling,0.7495634,True
Spalling/VA_3.0_0.6_0.5_1.0_0.9_3217695v1.jpeg554396613578.png,Spalling,Cracks,0.5825776,False
Spalling/VA_3.0_0.6_0.5_1.0_0.9_3217703v0.jpeg608603991015.png,Spalling,Spalling,0.92426133,True
Spalling/VA_3.0_0.6_0.5_1.0_0.9_3217707v0.jpeg603270625986.png,Spalling,Spalling,0.8797224,True
Spalling/VA_3.0_0.6_0.5_1.0_0.9_3217707v1.jpeg44050433847.png,Spalling,Cracks,0.7871211,False
Spalling/VA_3.0_0.6_0.5_1.0_0.9_3217707v2.jpeg4763446211039.png,Spalling,Cracks,0.5114604,False
Spalling/VA_3.0_0.6_0.5_1.0_0.9_3217744v0.jpeg457334801618.png,Spalling,Spalling,0.7315966,True
Spalling/VA_3.0_0.6_0.5_1.0_0.9_3217758v0.jpeg696256376642.png,Spalling,Spalling,0.76987404,True
Spalling/VA_3.0_0.6_0.5_1.0_0.9_3217784v1.jpeg502901569837.png,Spalling,Spalling,0.9579688,True
Spalling/VA_3.0_0.6_0.5_1.0_0.9_3217789v0.jpeg928302352528.png,Spalling,Cracks,0.8644489,False
Spalling/VA_3.0_0.6_0.5_1.0_0.9_3217789v1.jpeg1270734761046.png,Spalling,Cracks,0.9380473,False
Spalling/VA_3.0_0.6_0.5_1.0_0.9_3217791v0.jpeg1263321592537.png,Spalling,Spalling,0.9291856,True
Spalling/VA_3.0_0.6_0.5_1.0_0.9_3217815v0.jpeg294527953368.png,Spalling,Spalling,0.9430379,True
Spalling/VA_3.0_0.6_0.5_1.0_0.9_3217817v0.jpeg1247192398455.png,Spalling,Spalling,0.7318905,True
Spalling/VA_3.0_0.6_0.5_1.0_0.9_3217819v0.jpeg5181629621128.png,Spalling,Cracks,0.5973542,False
Spalling/VA_3.0_0.6_0.5_1.0_0.9_3217822v3.jpeg440380454325.png,Spalling,Cracks,0.8209975,False
Spalling/VA_3.0_0.6_0.5_1.0_0.9_3217839v0.jpeg786511244155.png,Spalling,Spalling,0.83255345,True
Spalling/VA_3.0_0.6_0.5_1.0_0.9_3217856v0.jpeg591178222569.png,Spalling,Cracks,0.69437855,False
Spalling/VA_3.0_0.6_0.5_1.0_0.9_3217865v0.jpeg508629447231.png,Spalling,Spalling,0.86355954,True
Spalling/VA_3.0_0.6_0.5_1.0_0.9_3217866v0.jpeg271934146341.png,Spalling,Spalling,0.39873266,True
Spalling/VA_3.0_0.6_0.5_1.0_0.9_3217870v0.jpeg512980504334.png,Spalling,Spalling,0.70864284,True
Spalling/VA_3.0_0.6_0.5_1.0_0.9_3217873v0.jpeg26540124139.png,Spalling,Cracks,0.67551535,False
Spalling/VA_3.0_0.6_0.5_1.0_0.9_3217873v3.jpeg6787241072260.png,Spalling,Spalling,0.89957637,True
Spalling/VA_3.0_0.6_0.5_1.0_0.9_3217873v3.jpeg696337816295.png,Spalling,Spalling,0.61768216,True
Spalling/VA_3.0_0.6_0.5_1.0_0.9_3217881v0.jpeg51660572353.png,Spalling,Spalling,0.5479275,True
Spalling/VA_3.0_0.6_0.5_1.0_0.9_3217901v0.jpeg782572151151.png,Spalling,Corrosionstain,0.52348495,False
Spalling/VA_3.0_0.6_0.5_1.0_0.9_3217908v0.jpeg1593701521513.png,Spalling,Corrosionstain,0.52201194,False
Spalling/VA_3.0_0.6_0.5_1.0_0.9_3217923v2.jpeg65647199270.png,Spalling,Spalling,0.73041046,True
Spalling/VA_3.0_0.6_0.5_1.0_0.9_3217923v2.jpeg885345567940.png,Spalling,Spalling,0.9098915,True
Spalling/VA_3.0_0.6_0.5_1.0_0.9_3217928v0.jpeg116229579404.png,Spalling,Cracks,0.54992235,False
Spalling/VA_3.0_0.6_0.5_1.0_0.9_3217931v1.jpeg2344188621189.png,Spalling,Spalling,0.78051823,True
Spalling/VA_3.0_0.6_0.5_1.0_0.9_3217947v0.jpeg1028771392271.png,Spalling,Spalling,0.73701906,True
Spalling/VA_3.0_0.6_0.5_1.0_0.9_3217949v0.jpeg291121429524.png,Spalling,Spalling,0.92414224,True
Spalling/VA_3.0_0.6_0.5_1.0_0.9_3217977v0.jpeg670220493644.png,Spalling,Spalling,0.91298497,True
Spalling/VA_3.0_0.6_0.5_1.0_0.9_3218005v0.jpeg821551352373.png,Spalling,Spalling,0.50471383,True
Spalling/VA_3.0_0.6_0.8_1.0_1.01_3217655v2.jpeg1581403691644.png,Spalling,Spalling,0.665789,True
Spalling/VA_3.0_0.6_0.8_1.0_1.01_3217845v1.jpeg427231004235.png,Spalling,Spalling,0.68577117,True
Spalling/VA_3.0_0.6_0.8_1.0_1.01_3217853v0.jpeg3817621184359.png,Spalling,Spalling,0.86314666,True
Spalling/VA_3.0_0.6_0.8_1.0_1.44_3217476v1.jpeg2341521352754.png,Spalling,Cracks,0.7955335,False
Spalling/VA_3.0_0.6_0.8_1.0_1.44_3217523v1.jpeg254104437334.png,Spalling,Spalling,0.51406425,True
Spalling/VA_3.0_0.6_0.8_1.0_1.44_3217643v0.jpeg23831911793.png,Spalling,Spalling,0.8593532,True
Spalling/VA_3.0_0.6_0.8_1.0_1.44_3217643v1.jpeg725445694636.png,Spalling,Spalling,0.87132794,True
Spalling/VA_3.0_0.6_0.8_1.0_1.44_3217645v2.jpeg1891055702266.png,Spalling,Spalling,0.9911873,True
Spalling/VA_3.0_0.6_0.8_1.0_1.44_3217645v4.jpeg5501045437305.png,Spalling,Spalling,0.82425904,True
Spalling/VA_3.0_0.6_0.8_1.0_1.44_3217647v0.jpeg357450771455.png,Spalling,Spalling,0.94858044,True
Spalling/VA_3.0_0.6_0.8_1.0_1.44_3217647v2.jpeg376371900394.png,Spalling,Spalling,0.98738676,True
Spalling/VA_3.0_0.6_0.8_1.0_1.44_3217811v0.jpeg2942113371329.png,Spalling,Spalling,0.9717637,True
Spalling/VA_3.0_0.6_0.8_1.0_1.44_3217835v2.jpeg863465277291.png,Spalling,Cracks,0.9951402,False
Spalling/VA_3.0_0.6_0.8_1.0_1.44_3217842v1.jpeg140244482383.png,Spalling,Spalling,0.98678315,True
Spalling/VA_3.0_0.6_0.8_1.0_1.44_3217852v0.jpeg19720213181.png,Spalling,Corrosionstain,0.9619342,False
Spalling/VA_3.0_0.6_0.8_1.0_1.44_3217852v0.jpeg244513456136.png,Spalling,Spalling,0.88667214,True
Spalling/VA_3.0_0.6_0.8_1.0_1.44_3217852v1.jpeg400357198129.png,Spalling,Spalling,0.89325607,True
Spalling/VA_3.0_0.6_1.0_1.0_1.8_3217728v3.jpeg112330531215.png,Spalling,Spalling,0.88234025,True
Spalling/VA_3.0_0.6_1.0_1.0_1.8_3217728v7.jpeg322352407187.png,Spalling,Spalling,0.93300754,True
Spalling/VA_3.0_0.8_0.5_1.0_0.84_3217439v1.jpeg3001392339365.png,Spalling,Spalling,0.93253505,True
Spalling/VA_3.0_0.8_0.5_1.0_0.84_3217439v1.jpeg553523185273.png,Spalling,Corrosionstain,0.7033636,False
Spalling/VA_3.0_0.8_0.5_1.0_0.84_3217944v2.jpeg991510566153.png,Spalling,Corrosionstain,0.72741,False
Spalling/VA_3.0_0.8_0.5_1.0_1.2_3217515v0.jpeg9645121736437.png,Spalling,Spalling,0.6800357,True
Spalling/VA_3.0_0.8_0.5_1.0_1.2_3217520v0.jpeg21075097351108.png,Spalling,Spalling,0.580507,True
Spalling/VA_3.0_0.8_0.5_1.0_1.2_3217560v0.jpeg504170409584.png,Spalling,Spalling,0.9918424,True
Spalling/VA_3.0_0.8_0.5_1.0_1.2_3217560v0.jpeg8174380673.png,Spalling,Spalling,0.94816923,True
Spalling/VA_3.0_0.8_0.5_1.0_1.2_3217566v0.jpeg616369349205.png,Spalling,Spalling,0.5912443,True
Spalling/VA_3.0_0.8_0.5_1.0_1.2_3217566v0.jpeg868909285164.png,Spalling,Spalling,0.6951667,True
Spalling/VA_3.0_0.8_0.5_1.0_1.2_3217602v0.jpeg1613271386.png,Spalling,Spalling,0.50671464,True
Spalling/VA_3.0_0.8_0.5_1.0_1.2_3217602v0.jpeg49844327458.png,Spalling,Spalling,0.6348621,True
Spalling/VA_3.0_0.8_0.5_1.0_1.2_3217650v0.jpeg1743981626576.png,Spalling,Spalling,0.96692497,True
Spalling/VA_3.0_0.8_0.5_1.0_1.2_3217792v0.jpeg3452951329471.png,Spalling,Spalling,0.8735308,True
Spalling/VA_3.0_0.8_0.5_1.0_1.2_3217798v1.jpeg403371422480.png,Spalling,Spalling,0.8944812,True
Spalling/VA_3.0_0.8_0.5_1.0_1.2_3217884v1.jpeg436826560504.png,Spalling,Spalling,0.60072535,True
Spalling/VA_3.0_0.8_0.5_1.0_1.2_3217911v0.jpeg066130384.png,Spalling,Corrosionstain,0.8368951,False
Spalling/VA_3.0_0.8_0.5_1.0_1.2_3217911v0.jpeg262238417235.png,Spalling,Spalling,0.9704184,True
Spalling/VA_3.0_0.8_0.8_1.0_1.34_3217869v0.jpeg602136772448.png,Spalling,Cracks,0.669128,False
Spalling/VA_3.0_0.8_0.8_1.0_1.92_3217428v0.jpeg1812151340549.png,Spalling,Spalling,0.9041997,True
Spalling/VA_3.0_0.8_0.8_1.0_1.92_3217428v0.jpeg994449774396.png,Spalling,Cracks,0.5264804,False
Spalling/VA_3.0_0.8_0.8_1.0_1.92_3217487v0.jpeg749688431080.png,Spalling,Spalling,0.84461516,True
Spalling/VA_3.0_0.8_0.8_1.0_1.92_3217487v4.jpeg554176490265.png,Spalling,Spalling,0.55724555,True
Spalling/VA_3.0_0.8_0.8_1.0_1.92_3217613v0.jpeg368382324235.png,Spalling,Spalling,0.9444358,True
Spalling/VA_3.0_0.8_0.8_1.0_1.92_3217664v0.jpeg631398261051.png,Spalling,Spalling,0.93306935,True
Spalling/VA_3.0_0.8_0.8_1.0_1.92_3217664v6.jpeg1342071504847.png,Spalling,Spalling,0.9651303,True
Spalling/VA_3.0_0.8_0.8_3.0_5.76_3217715v0.jpeg348312181416.png,Spalling,Cracks,0.9225493,False
Spalling/VA_3.0_0.8_0.8_3.0_5.76_3217715v0.jpeg420168247114.png,Spalling,Spalling,0.78638005,True
Spalling/VA_3.0_0.8_1.0_3.0_7.2_3217734v2.jpeg1101693253123.png,Spalling,Cracks,0.95514375,False
Spalling/VA_3.0_1.0_0.5_1.0_1.05_3217594v0.jpeg780255228548.png,Spalling,Spalling,0.46319935,True
Spalling/VA_3.0_1.0_0.5_1.0_1.5_3217532v0.jpeg420167163349.png,Spalling,Spalling,0.9999939,True
Spalling/VA_3.0_1.0_0.5_1.0_1.5_3217619v0.jpeg672271653726.png,Spalling,Cracks,0.9423106,False
Spalling/VA_3.0_1.0_0.5_1.0_1.5_3217684v0.jpeg562434722280.png,Spalling,Spalling,0.9194959,True
Spalling/VA_3.0_1.0_0.5_1.0_1.5_3217684v1.jpeg1553001420767.png,Spalling,Spalling,0.8619851,True
Spalling/VA_3.0_1.0_0.5_1.0_1.5_3217788v0.jpeg777584977310.png,Spalling,Spalling,0.9334525,True
Spalling/VA_3.0_1.0_0.5_1.0_1.5_3217831v1.jpeg1449125366303.png,Spalling,Cracks,0.7155048,False
Spalling/VA_3.0_1.0_0.5_3.0_4.5_3217412v0.jpeg3291271130870.png,Spalling,Cracks,0.89606965,False
Spalling/VA_3.0_1.0_0.5_5.0_7.5_3217445v3.jpeg472203498304.png,Spalling,Spalling,0.9630078,True
Spalling/VA_3.0_1.0_0.8_1.0_1.68_3217709v0.jpeg525203203565.png,Spalling,Cracks,0.53607184,False
Spalling/VA_3.0_1.0_0.8_1.0_1.68_3217723v1.jpeg1282321187236.png,Spalling,Spalling,0.70713687,True
Spalling/VA_3.0_1.0_0.8_1.0_2.4_3217438v0.jpeg2342901665652.png,Spalling,Spalling,0.994058,True
Spalling/VA_3.0_1.0_0.8_1.0_2.4_3217561v0.jpeg949458260358.png,Spalling,Spalling,0.8996183,True
Spalling/VA_3.0_1.0_0.8_1.0_2.4_3217625v2.jpeg127148316793.png,Spalling,Spalling,0.89710385,True
Spalling/VA_3.0_1.0_0.8_1.0_2.4_3217625v2.jpeg62891775645.png,Spalling,Spalling,0.94421434,True
Spalling/VA_3.0_1.0_0.8_1.0_2.4_3217955v0.jpeg717315179772.png,Spalling,Spalling,0.76522464,True
Spalling/VA_3.0_1.0_0.8_1.0_2.4_3217955v1.jpeg755265237841.png,Spalling,Spalling,0.62898976,True
Spalling/VA_3.0_1.0_0.8_10.0_24.0_3217417v0.jpeg214417301114.png,Spalling,Spalling,0.9139094,True
Spalling/VA_3.0_1.0_0.8_10.0_24.0_3217417v0.jpeg635567335123.png,Spalling,Spalling,0.78426903,True
Spalling/VA_3.0_1.0_0.8_10.0_24.0_3217417v0.jpeg702370322182.png,Spalling,Spalling,0.9847953,True
Spalling/VA_3.0_1.0_0.8_10.0_24.0_3217417v0.jpeg72445287222.png,Spalling,Spalling,0.89155746,True
Spalling/VA_3.0_1.0_0.8_10.0_24.0_3217417v2.jpeg13219393357.png,Spalling,Spalling,0.99633396,True
Spalling/VA_3.0_1.0_0.8_10.0_24.0_3217540v0.jpeg43289395589.png,Spalling,Cracks,0.7105367,False
Spalling/VA_3.0_1.0_0.8_10.0_24.0_3217540v0.jpeg8334874191791.png,Spalling,Cracks,0.5757732,False
Spalling/VA_3.0_1.0_0.8_10.0_24.0_3217540v1.jpeg2788111022255.png,Spalling,Spalling,0.61325973,True
Spalling/VA_3.0_1.0_0.8_10.0_24.0_3217540v2.jpeg98580687398.png,Spalling,Spalling,0.9930842,True
Spalling/VA_3.0_1.0_0.8_3.0_7.2_3217461v0.jpeg341511232179.png,Spalling,Spalling,0.90614986,True
Spalling/VA_3.0_1.0_0.8_3.0_7.2_3217461v0.jpeg56860106117.png,Spalling,Corrosionstain,0.56714916,False
Spalling/VA_3.0_1.0_0.8_3.0_7.2_3217461v0.jpeg874358297240.png,Spalling,Spalling,0.80813,True
Spalling/VA_3.0_1.0_0.8_5.0_12.0_3217577v0.jpeg4021891337480.png,Spalling,Spalling,0.8082903,True
Spalling/VA_3.0_1.0_0.8_5.0_12.0_3217577v1.jpeg1349477404388.png,Spalling,Spalling,0.9048688,True
Spalling/VA_3.0_1.0_1.0_1.0_2.1_3217464v1.jpeg554449510152.png,Spalling,Cracks,0.60206664,False
Spalling/VA_3.0_1.0_1.0_1.0_2.1_3217736v0.jpeg1048557407192.png,Spalling,Cracks,0.92594653,False
Spalling/VA_3.0_1.0_1.0_1.0_2.1_3217736v0.jpeg551491386253.png,Spalling,Spalling,0.8142678,True
Spalling/VA_3.0_1.0_1.0_1.0_2.1_3217736v1.jpeg1416280384756.png,Spalling,Cracks,0.85478234,False
Spalling/VA_3.0_1.0_1.0_1.0_2.1_3217736v1.jpeg35539536422.png,Spalling,Spalling,0.64863527,True
Spalling/VA_3.0_1.0_1.0_1.0_2.1_3217736v1.jpeg494873576325.png,Spalling,Spalling,0.67448515,True
Spalling/VA_3.0_1.0_1.0_1.0_3.0_3217721v0.jpeg60322867114.png,Spalling,Spalling,0.81834376,True
Spalling/VA_3.0_1.0_1.0_1.0_3.0_3217721v1.jpeg45363817169.png,Spalling,Cracks,0.744514,False
Spalling/VA_3.0_1.0_1.0_1.0_3.0_3217721v4.jpeg668513242118.png,Spalling,Spalling,0.6463542,True
Spalling/VA_3.0_1.0_1.0_1.0_3.0_3217721v4.jpeg762541177105.png,Spalling,Spalling,0.8502365,True
Spalling/VA_3.0_1.0_1.0_1.0_3.0_3217721v8.jpeg30348384148.png,Spalling,Spalling,0.53463507,True
Spalling/VA_3.0_1.0_1.0_1.0_3.0_3217721v8.jpeg45041357129.png,Spalling,Spalling,0.5693928,True
Spalling/VA_3.0_1.0_1.0_1.0_3.0_3217721v8.jpeg731144167176.png,Spalling,Cracks,0.96012485,False
Spalling/VA_3.0_1.0_1.0_1.0_3.0_3217721v9.jpeg4064223494.png,Spalling,Cracks,0.71879935,False
Spalling/VA_3.0_1.0_1.0_1.0_3.0_3217721v9.jpeg4782726092.png,Spalling,Spalling,0.5476714,True
Spalling/VA_3.0_1.0_1.0_3.0_9.0_3217718v1.jpeg440364140215.png,Spalling,Spalling,0.8583577,True
Spalling/VA_3.0_1.0_1.0_3.0_9.0_3217722v0.jpeg1016311170368.png,Spalling,Cracks,0.7081771,False
Spalling/VA_3.0_1.0_1.0_3.0_9.0_3217722v0.jpeg1309871334197.png,Spalling,Spalling,0.60971946,True
Spalling/VA_3.0_1.0_1.0_3.0_9.0_3217722v0.jpeg161388865253.png,Spalling,Cracks,0.62967694,False
Spalling/VA_3.0_1.0_1.0_3.0_9.0_3217722v0.jpeg713541512718.png,Spalling,Cracks,0.6136836,False
Spalling/VA_3.0_1.0_1.0_3.0_9.0_3217722v3.jpeg04821756716.png,Spalling,Spalling,0.87786126,True
Spalling/VA_3.0_1.0_1.0_3.0_9.0_3217726v3.jpeg28401798298.png,Spalling,Spalling,0.546326,True
